Année,Moyenne taux,Moyenne débit
2013,6.555167,781
2014,6.59925,831.8
2015,6.77375,834.6
2016,7.050583,838.9
2017,6.920833,817.8